<?xml version="1.0" encoding="UTF-8"?>
<metadata xml:lang="it"><Esri><CreaDate>20171205</CreaDate><CreaTime>22055700</CreaTime><ArcGISFormat>1.0</ArcGISFormat><SyncOnce>FALSE</SyncOnce><DataProperties><itemProps><itemName Sync="TRUE">figure1</itemName><imsContentType Sync="TRUE">002</imsContentType><itemSize Sync="TRUE">0,000</itemSize><itemLocation><linkage Sync="TRUE">file://\\SHDH1466-HARARI\C$\Users\harari\Dropbox\Geoconflict ReStat revision\2nd revision\Draft 2017\Accepted version\HarariLaFerrara_Replication\raster_Africa</linkage><protocol Sync="TRUE">Local Area Network</protocol></itemLocation></itemProps><coordRef><type Sync="TRUE">Geographic</type><geogcsn Sync="TRUE">GCS_WGS_1984</geogcsn><peXml Sync="TRUE">&lt;GeographicCoordinateSystem xsi:type='typens:GeographicCoordinateSystem' xmlns:xsi='http://www.w3.org/2001/XMLSchema-instance' xmlns:xs='http://www.w3.org/2001/XMLSchema' xmlns:typens='http://www.esri.com/schemas/ArcGIS/10.0'&gt;&lt;WKT&gt;GEOGCS[&amp;quot;GCS_WGS_1984&amp;quot;,DATUM[&amp;quot;D_WGS_1984&amp;quot;,SPHEROID[&amp;quot;WGS_1984&amp;quot;,6378137.0,298.257223563]],PRIMEM[&amp;quot;Greenwich&amp;quot;,0.0],UNIT[&amp;quot;Degree&amp;quot;,0.0174532925199433],AUTHORITY[&amp;quot;EPSG&amp;quot;,4326]]&lt;/WKT&gt;&lt;XOrigin&gt;-399.99999999999989&lt;/XOrigin&gt;&lt;YOrigin&gt;-399.99999999999989&lt;/YOrigin&gt;&lt;XYScale&gt;11258999068426.24&lt;/XYScale&gt;&lt;ZOrigin&gt;-100000&lt;/ZOrigin&gt;&lt;ZScale&gt;10000&lt;/ZScale&gt;&lt;MOrigin&gt;-100000&lt;/MOrigin&gt;&lt;MScale&gt;10000&lt;/MScale&gt;&lt;XYTolerance&gt;8.9831528411952133e-009&lt;/XYTolerance&gt;&lt;ZTolerance&gt;0.001&lt;/ZTolerance&gt;&lt;MTolerance&gt;0.001&lt;/MTolerance&gt;&lt;HighPrecision&gt;true&lt;/HighPrecision&gt;&lt;LeftLongitude&gt;-180&lt;/LeftLongitude&gt;&lt;WKID&gt;4326&lt;/WKID&gt;&lt;/GeographicCoordinateSystem&gt;</peXml></coordRef><lineage><Process ToolSource="C:\Program Files\ArcGIS\Desktop10.0\ArcToolbox\Toolboxes\Analysis Tools.tbx\SpatialJoin" Date="20121127" Time="152220">SpatialJoin myraster figure1 "C:\Documents and Settings\Ghisolfi\Desktop\Dropbox\Geoconflict_Nov12\for maps\joins\figure1.shp" JOIN_ONE_TO_ONE KEEP_COMMON "Id "Id" true true false 6 Long 0 6 ,First,#,C:\Documents and Settings\Ghisolfi\Desktop\Dropbox\Geoconflict_Nov12\my intersected files\myraster.shp,Id,-1,-1;CELLID "CELLID" true true false 9 Long 0 9 ,First,#,C:\Documents and Settings\Ghisolfi\Desktop\Dropbox\Geoconflict_Nov12\my intersected files\myraster.shp,CELLID,-1,-1;MinX "MinX" true true false 19 Double 0 0 ,First,#,C:\Documents and Settings\Ghisolfi\Desktop\Dropbox\Geoconflict_Nov12\my intersected files\myraster.shp,MinX,-1,-1;MaxX "MaxX" true true false 19 Double 0 0 ,First,#,C:\Documents and Settings\Ghisolfi\Desktop\Dropbox\Geoconflict_Nov12\my intersected files\myraster.shp,MaxX,-1,-1;MinY "MinY" true true false 19 Double 0 0 ,First,#,C:\Documents and Settings\Ghisolfi\Desktop\Dropbox\Geoconflict_Nov12\my intersected files\myraster.shp,MinY,-1,-1;MaxY "MaxY" true true false 19 Double 0 0 ,First,#,C:\Documents and Settings\Ghisolfi\Desktop\Dropbox\Geoconflict_Nov12\my intersected files\myraster.shp,MaxY,-1,-1;CenterX "CenterX" true true false 19 Double 0 0 ,First,#,C:\Documents and Settings\Ghisolfi\Desktop\Dropbox\Geoconflict_Nov12\my intersected files\myraster.shp,CenterX,-1,-1;CenterY "CenterY" true true false 19 Double 0 0 ,First,#,C:\Documents and Settings\Ghisolfi\Desktop\Dropbox\Geoconflict_Nov12\my intersected files\myraster.shp,CenterY,-1,-1;area_corre "area_corre" true true false 19 Double 0 0 ,First,#,C:\Documents and Settings\Ghisolfi\Desktop\Dropbox\Geoconflict_Nov12\my intersected files\myraster.shp,area_corre,-1,-1;latitude_m "latitude_m" true true false 16 Double 6 15 ,First,#,C:\Documents and Settings\Ghisolfi\Desktop\Dropbox\Geoconflict_Nov12\for maps\shape\figure1.shp,latitude_m,-1,-1;longitude_ "longitude_" true true false 16 Double 6 15 ,First,#,C:\Documents and Settings\Ghisolfi\Desktop\Dropbox\Geoconflict_Nov12\for maps\shape\figure1.shp,longitude_,-1,-1;ANY_EVENT_ "ANY_EVENT_" true true false 16 Double 6 15 ,First,#,C:\Documents and Settings\Ghisolfi\Desktop\Dropbox\Geoconflict_Nov12\for maps\shape\figure1.shp,ANY_EVENT_,-1,-1" INTERSECT # #</Process></lineage><copyHistory><copy source="C:\Users\harari\Dropbox\Geoconflict ReStat revision\2nd revision\Draft 2017\Accepted version\HarariLaFerrara_Replication\figure1" dest="\\SHDH1466-HARARI\C$\Users\harari\Dropbox\Geoconflict ReStat revision\2nd revision\Draft 2017\Accepted version\HarariLaFerrara_Replication\raster_Africa" date="20171205" time="22055700"></copy></copyHistory></DataProperties><SyncDate>20121127</SyncDate><SyncTime>15221800</SyncTime><ModDate>20121127</ModDate><ModTime>15221800</ModTime></Esri><dataIdInfo><envirDesc Sync="TRUE">Microsoft Windows XP Version 5.1 (Build 2600) Service Pack 3; ESRI ArcGIS 10.0.2.3200</envirDesc><dataLang><languageCode value="it" country="IT"></languageCode></dataLang><idCitation><resTitle Sync="TRUE">figure1</resTitle><presForm><PresFormCd value="005"></PresFormCd></presForm></idCitation><descKeys><thesaName uuidref="723f6998-058e-11dc-8314-0800200c9a66"></thesaName><keyword Sync="TRUE">002</keyword></descKeys><spatRpType><SpatRepTypCd value="001"></SpatRepTypCd></spatRpType></dataIdInfo><mdLang><languageCode value="it"></languageCode></mdLang><mdChar><CharSetCd value="004"></CharSetCd></mdChar><distInfo><distFormat><formatName Sync="TRUE">Shapefile</formatName></distFormat><distTranOps><transSize Sync="TRUE">0,000</transSize></distTranOps></distInfo><mdHrLv><ScopeCd value="005"></ScopeCd></mdHrLv><mdHrLvName Sync="TRUE">dataset</mdHrLvName><refSysInfo><RefSystem><refSysID><identCode code="4326"></identCode><idCodeSpace Sync="TRUE">EPSG</idCodeSpace><idVersion Sync="TRUE">7.4.1</idVersion></refSysID></RefSystem></refSysInfo><spdoinfo><ptvctinf><esriterm Name="figure1"><efeatyp Sync="TRUE">Simple</efeatyp><efeageom Sync="TRUE">4</efeageom><esritopo Sync="TRUE">FALSE</esritopo><efeacnt Sync="TRUE">0</efeacnt><spindex Sync="TRUE">FALSE</spindex><linrefer Sync="TRUE">FALSE</linrefer></esriterm></ptvctinf></spdoinfo><spatRepInfo><VectSpatRep><topLvl><TopoLevCd value="001"></TopoLevCd></topLvl><geometObjs><geoObjTyp><GeoObjTypCd value="002"></GeoObjTypCd><geoObjCnt Sync="TRUE">0</geoObjCnt></geoObjTyp></geometObjs></VectSpatRep></spatRepInfo><eainfo><detailed Name="figure1"><enttyp><enttypl Sync="TRUE">figure1</enttypl><enttypt Sync="TRUE">Feature Class</enttypt><enttypc Sync="TRUE">0</enttypc></enttyp><attr><attrlabl Sync="TRUE">FID</attrlabl><attalias Sync="TRUE">FID</attalias><attrtype Sync="TRUE">OID</attrtype><attwidth Sync="TRUE">4</attwidth><atprecis Sync="TRUE">0</atprecis><attscale Sync="TRUE">0</attscale><attrdef Sync="TRUE">Internal feature number.</attrdef><attrdefs Sync="TRUE">ESRI</attrdefs><attrdomv><udom Sync="TRUE">Sequential unique whole numbers that are automatically generated.</udom></attrdomv></attr><attr><attrlabl Sync="TRUE">Shape</attrlabl><attalias Sync="TRUE">Shape</attalias><attrtype Sync="TRUE">Geometry</attrtype><attwidth Sync="TRUE">0</attwidth><atprecis Sync="TRUE">0</atprecis><attscale Sync="TRUE">0</attscale><attrdef Sync="TRUE">Feature geometry.</attrdef><attrdefs Sync="TRUE">ESRI</attrdefs><attrdomv><udom Sync="TRUE">Coordinates defining the features.</udom></attrdomv></attr><attr><attrlabl Sync="TRUE">Join_Count</attrlabl><attalias Sync="TRUE">Join_Count</attalias><attrtype Sync="TRUE">Integer</attrtype><attwidth Sync="TRUE">9</attwidth><atprecis Sync="TRUE">9</atprecis><attscale Sync="TRUE">0</attscale></attr><attr><attrlabl Sync="TRUE">TARGET_FID</attrlabl><attalias Sync="TRUE">TARGET_FID</attalias><attrtype Sync="TRUE">Integer</attrtype><attwidth Sync="TRUE">9</attwidth><atprecis Sync="TRUE">9</atprecis><attscale Sync="TRUE">0</attscale></attr><attr><attrlabl Sync="TRUE">Id</attrlabl><attalias Sync="TRUE">Id</attalias><attrtype Sync="TRUE">Integer</attrtype><attwidth Sync="TRUE">6</attwidth><atprecis Sync="TRUE">6</atprecis><attscale Sync="TRUE">0</attscale></attr><attr><attrlabl Sync="TRUE">CELLID</attrlabl><attalias Sync="TRUE">CELLID</attalias><attrtype Sync="TRUE">Integer</attrtype><attwidth Sync="TRUE">9</attwidth><atprecis Sync="TRUE">9</atprecis><attscale Sync="TRUE">0</attscale></attr><attr><attrlabl Sync="TRUE">MinX</attrlabl><attalias Sync="TRUE">MinX</attalias><attrtype Sync="TRUE">Double</attrtype><attwidth Sync="TRUE">19</attwidth><atprecis Sync="TRUE">0</atprecis><attscale Sync="TRUE">0</attscale></attr><attr><attrlabl Sync="TRUE">MaxX</attrlabl><attalias Sync="TRUE">MaxX</attalias><attrtype Sync="TRUE">Double</attrtype><attwidth Sync="TRUE">19</attwidth><atprecis Sync="TRUE">0</atprecis><attscale Sync="TRUE">0</attscale></attr><attr><attrlabl Sync="TRUE">MinY</attrlabl><attalias Sync="TRUE">MinY</attalias><attrtype Sync="TRUE">Double</attrtype><attwidth Sync="TRUE">19</attwidth><atprecis Sync="TRUE">0</atprecis><attscale Sync="TRUE">0</attscale></attr><attr><attrlabl Sync="TRUE">MaxY</attrlabl><attalias Sync="TRUE">MaxY</attalias><attrtype Sync="TRUE">Double</attrtype><attwidth Sync="TRUE">19</attwidth><atprecis Sync="TRUE">0</atprecis><attscale Sync="TRUE">0</attscale></attr><attr><attrlabl Sync="TRUE">CenterX</attrlabl><attalias Sync="TRUE">CenterX</attalias><attrtype Sync="TRUE">Double</attrtype><attwidth Sync="TRUE">19</attwidth><atprecis Sync="TRUE">0</atprecis><attscale Sync="TRUE">0</attscale></attr><attr><attrlabl Sync="TRUE">CenterY</attrlabl><attalias Sync="TRUE">CenterY</attalias><attrtype Sync="TRUE">Double</attrtype><attwidth Sync="TRUE">19</attwidth><atprecis Sync="TRUE">0</atprecis><attscale Sync="TRUE">0</attscale></attr><attr><attrlabl Sync="TRUE">area_corre</attrlabl><attalias Sync="TRUE">area_corre</attalias><attrtype Sync="TRUE">Double</attrtype><attwidth Sync="TRUE">19</attwidth><atprecis Sync="TRUE">0</atprecis><attscale Sync="TRUE">0</attscale></attr><attr><attrlabl Sync="TRUE">latitude_m</attrlabl><attalias Sync="TRUE">latitude_m</attalias><attrtype Sync="TRUE">Double</attrtype><attwidth Sync="TRUE">16</attwidth><atprecis Sync="TRUE">15</atprecis><attscale Sync="TRUE">6</attscale></attr><attr><attrlabl Sync="TRUE">longitude_</attrlabl><attalias Sync="TRUE">longitude_</attalias><attrtype Sync="TRUE">Double</attrtype><attwidth Sync="TRUE">16</attwidth><atprecis Sync="TRUE">15</atprecis><attscale Sync="TRUE">6</attscale></attr><attr><attrlabl Sync="TRUE">ANY_EVENT_</attrlabl><attalias Sync="TRUE">ANY_EVENT_</attalias><attrtype Sync="TRUE">Double</attrtype><attwidth Sync="TRUE">16</attwidth><atprecis Sync="TRUE">15</atprecis><attscale Sync="TRUE">6</attscale></attr></detailed></eainfo><mdDateSt Sync="TRUE">20121127</mdDateSt></metadata>
